filename,url
"Salesforce.com, Inc. - Salesforce Announces First Quarter Fiscal 2025 Results.html",https://investor.salesforce.com/news/news-details/2024/Salesforce-Announces-First-Quarter-Fiscal-2025-Results/default.aspx
"Salesforce.com, Inc. - Salesforce Announces Fourth Quarter Fiscal 2025 Results.html",https://investor.salesforce.com/news/news-details/2025/Salesforce-Announces-Fourth-Quarter-and-Fiscal-Year-2025-Results/default.aspx
"Salesforce.com, Inc. - Salesforce Announces Second Quarter Fiscal 2025 Results.html",https://investor.salesforce.com/news/news-details/2024/Salesforce-Announces-Second-Quarter-Fiscal-2025-Results/default.aspx
"Salesforce.com, Inc. - Salesforce Announces Third Quarter Fiscal 2025 Results.html",https://investor.salesforce.com/news/news-details/2024/Salesforce-Announces-Third-Quarter-Fiscal-2025-Results/default.aspx
"Salesforce.com, Inc. - Salesforce Announces Timing of its Second Quarter Fiscal 2026 Results Conference Call.html",https://investor.salesforce.com/news/news-details/2025/Salesforce-Announces-Timing-of-its-Second-Quarter-Fiscal-2026-Results-Conference-Call/default.aspx
"Salesforce.com, Inc. - Salesforce Launches Agentforce 2dx with New Capabilities to Embed Proactive Agentic AI into Any Workflow, Create Multimodal Experiences, and Extend Digital Labor Throughout the Enterprise.html",https://investor.salesforce.com/news/news-details/2025/Salesforce-Launches-Agentforce-2dx-with-New-Capabilities-to-Embed-Proactive-Agentic-AI-into-Any-Workflow-Create-Multimodal-Experiences-and-Extend-Digital-Labor-Throughout-the-Enterprise/default.aspx
"Salesforce.com, Inc. - Salesforce Reports Record First Quarter Fiscal 2026 Results.html",https://investor.salesforce.com/news/news-details/2025/Salesforce-Reports-Record-First-Quarter-Fiscal-2026-Results/default.aspx
"Salesforce.com, Inc. - Salesforce Reports Record Second Quarter Fiscal 2026 Results.html",https://investor.salesforce.com/news/news-details/2025/Salesforce-Reports-Record-Second-Quarter-Fiscal-2026-Results/default.aspx
"Salesforce.com, Inc. - Salesforce Signs Definitive Agreement to Acquire Informatica.html",https://investor.salesforce.com/news/news-details/2025/Salesforce-Signs-Definitive-Agreement-to-Acquire-Informatica/default.aspx
